Samples,Jn Estimate,Jn Error Rate,Kn Estimate,Kn Error Rate
1,0.25,0.75,12,-9
2,0.47893,0.52107,8.11906,-5.11906
3,0.637626,0.362374,6.45981,-3.45981
4,0.727545,0.272455,5.59689,-2.59689
5,0.782023,0.217977,5.07755,-2.07755
6,0.818353,0.181647,4.73129,-1.73129
7,0.844302,0.155698,4.48396,-1.48396
8,0.863765,0.136235,4.29847,-1.29847
9,0.878902,0.121098,4.15419,-1.15419
10,0.891012,0.108988,4.03877,-1.03877
11,0.90092,0.0990803,3.94434,-0.944339
12,0.909176,0.0908236,3.86564,-0.865644
13,0.916163,0.0838372,3.79906,-0.799056
14,0.922151,0.0778488,3.74198,-0.741981
15,0.927341,0.0726589,3.69252,-0.692516
16,0.931882,0.0681177,3.64923,-0.649233
17,0.935889,0.0641108,3.61104,-0.611043
18,0.939451,0.0605491,3.5771,-0.577096
19,0.942638,0.0573623,3.54672,-0.546723
20,0.945506,0.0544942,3.51939,-0.519387
21,0.948101,0.0518992,3.49465,-0.494654
22,0.95046,0.0495402,3.47217,-0.47217
23,0.952614,0.0473862,3.45164,-0.451641
24,0.954588,0.0454118,3.43282,-0.432822
25,0.956405,0.0435953,3.41551,-0.415509
26,0.958081,0.0419186,3.39953,-0.399528
27,0.959634,0.0403661,3.38473,-0.384731
28,0.961076,0.0389244,3.37099,-0.37099
29,0.962418,0.0375822,3.3582,-0.358198
30,0.963671,0.0363295,3.34626,-0.346258
31,0.964842,0.0351575,3.33509,-0.335088
32,0.965941,0.0340589,3.32462,-0.324617
33,0.966973,0.0330268,3.31478,-0.31478
34,0.967945,0.0320554,3.30552,-0.305522
35,0.96886,0.0311395,3.29679,-0.296792
36,0.969725,0.0302745,3.28855,-0.288548
37,0.970544,0.0294563,3.28075,-0.28075
38,0.971319,0.0286811,3.27336,-0.273361
39,0.972054,0.0279457,3.26635,-0.266352
40,0.972753,0.0272471,3.25969,-0.259693
41,0.973417,0.0265825,3.25336,-0.253359
42,0.97405,0.0259496,3.24733,-0.247327
43,0.974654,0.0253461,3.24158,-0.241575
44,0.97523,0.0247701,3.23608,-0.236085
45,0.97578,0.0242196,3.23084,-0.230839
46,0.976307,0.0236931,3.22582,-0.22582
47,0.976811,0.023189,3.22102,-0.221016
48,0.977294,0.0227059,3.21641,-0.216411
49,0.977757,0.0222425,3.21199,-0.211995
50,0.978202,0.0217977,3.20775,-0.207755
51,0.97863,0.0213703,3.20368,-0.203681
52,0.979041,0.0209593,3.19976,-0.199764
53,0.979436,0.0205638,3.19599,-0.195995
54,0.979817,0.020183,3.19237,-0.192365
55,0.980184,0.0198161,3.18887,-0.188868
56,0.980538,0.0194622,3.1855,-0.185495
57,0.980879,0.0191208,3.18224,-0.182241
58,0.981209,0.0187911,3.1791,-0.179099
59,0.981527,0.0184726,3.17606,-0.176063
60,0.981835,0.0181647,3.17313,-0.173129
61,0.982133,0.0178669,3.17029,-0.170291
62,0.982421,0.0175788,3.16754,-0.167544
63,0.9827,0.0172997,3.16488,-0.164885
64,0.982971,0.0170294,3.16231,-0.162308
65,0.983233,0.0167674,3.15981,-0.159811
66,0.983487,0.0165134,3.15739,-0.15739
67,0.983733,0.0162669,3.15504,-0.155041
68,0.983972,0.0160277,3.15276,-0.152761
69,0.984205,0.0157954,3.15055,-0.150547
70,0.98443,0.0155698,3.1484,-0.148396
71,0.98465,0.0153505,3.14631,-0.146306
72,0.984863,0.0151373,3.14427,-0.144274
73,0.98507,0.0149299,3.1423,-0.142298
74,0.985272,0.0147282,3.14037,-0.140375
75,0.985468,0.0145318,3.1385,-0.138503
76,0.985659,0.0143406,3.13668,-0.136681
77,0.985846,0.0141543,3.13491,-0.134906
78,0.986027,0.0139729,3.13318,-0.133176
79,0.986204,0.013796,3.13149,-0.13149
80,0.986376,0.0136235,3.12985,-0.129847
81,0.986545,0.0134554,3.12824,-0.128244
82,0.986709,0.0132913,3.12668,-0.12668
83,0.986869,0.0131311,3.12515,-0.125153
84,0.987025,0.0129748,3.12366,-0.123663
85,0.987178,0.0128222,3.12221,-0.122209
86,0.987327,0.0126731,3.12079,-0.120788
87,0.987473,0.0125274,3.1194,-0.119399
88,0.987615,0.012385,3.11804,-0.118042
89,0.987754,0.0122459,3.11672,-0.116716
90,0.98789,0.0121098,3.11542,-0.115419
91,0.988023,0.0119767,3.11415,-0.114151
92,0.988153,0.0118466,3.11291,-0.11291
93,0.988281,0.0117192,3.1117,-0.111696
94,0.988405,0.0115945,3.11051,-0.110508
95,0.988528,0.0114725,3.10934,-0.109345
96,0.988647,0.011353,3.10821,-0.108206
97,0.988764,0.0112359,3.10709,-0.10709
98,0.988879,0.0111213,3.106,-0.105997
99,0.988991,0.0110089,3.10493,-0.104927
100,0.989101,0.0108988,3.10388,-0.103877
101,0.989209,0.0107909,3.10285,-0.102849
102,0.989315,0.0106851,3.10184,-0.101841
103,0.989419,0.0105814,3.10085,-0.100852
104,0.98952,0.0104797,3.09988,-0.0998821
105,0.98962,0.0103798,3.09893,-0.0989308
106,0.989718,0.0102819,3.098,-0.0979975
107,0.989814,0.0101858,3.09708,-0.0970816
108,0.989908,0.0100915,3.09618,-0.0961827
109,0.990001,0.00999893,3.0953,-0.0953003
110,0.990092,0.00990803,3.09443,-0.0944339
111,0.990181,0.00981877,3.09358,-0.0935832
112,0.990269,0.0097311,3.09275,-0.0927476
113,0.990355,0.00964499,3.09193,-0.0919268
114,0.99044,0.00956038,3.09112,-0.0911205
115,0.990523,0.00947725,3.09033,-0.0903281
116,0.990604,0.00939555,3.08955,-0.0895494
117,0.990685,0.00931525,3.08878,-0.088784
118,0.990764,0.0092363,3.08803,-0.0880316
119,0.990841,0.00915869,3.08729,-0.0872919
120,0.990918,0.00908236,3.08656,-0.0865644
121,0.990993,0.0090073,3.08585,-0.085849
122,0.991067,0.00893347,3.08515,-0.0851454
123,0.991139,0.00886084,3.08445,-0.0844531
124,0.991211,0.00878938,3.08377,-0.083772
125,0.991281,0.00871907,3.0831,-0.0831019
126,0.99135,0.00864987,3.08244,-0.0824423
127,0.991418,0.00858176,3.08179,-0.0817932
128,0.991485,0.00851472,3.08115,-0.0811542
129,0.991551,0.00844871,3.08053,-0.0805251
130,0.991616,0.00838372,3.07991,-0.0799056
131,0.99168,0.00831972,3.0793,-0.0792957
132,0.991743,0.00825669,3.07869,-0.078695
133,0.991805,0.00819461,3.0781,-0.0781033
134,0.991867,0.00813346,3.07752,-0.0775204
135,0.991927,0.00807321,3.07695,-0.0769462
136,0.991986,0.00801385,3.07638,-0.0763804
137,0.992045,0.00795536,3.07582,-0.0758229
138,0.992102,0.00789771,3.07527,-0.0752734
139,0.992159,0.00784089,3.07473,-0.0747319
140,0.992215,0.00778488,3.0742,-0.0741981
141,0.99227,0.00772967,3.07367,-0.0736719
142,0.992325,0.00767524,3.07315,-0.0731531
143,0.992378,0.00762156,3.07264,-0.0726415
144,0.992431,0.00756864,3.07214,-0.072137
145,0.992484,0.00751644,3.07164,-0.0716395
146,0.992535,0.00746496,3.07115,-0.0711489
147,0.992586,0.00741417,3.07066,-0.0706649
148,0.992636,0.00736408,3.07019,-0.0701874
149,0.992685,0.00731466,3.06972,-0.0697163
150,0.992734,0.00726589,3.06925,-0.0692516
151,0.992782,0.00721777,3.06879,-0.0687929
152,0.99283,0.00717029,3.06834,-0.0683404
153,0.992877,0.00712342,3.06789,-0.0678937
154,0.992923,0.00707717,3.06745,-0.0674528
155,0.992968,0.00703151,3.06702,-0.0670176
156,0.993014,0.00698643,3.06659,-0.066588
157,0.993058,0.00694193,3.06616,-0.0661639
158,0.993102,0.006898,3.06575,-0.0657451
159,0.993145,0.00685461,3.06533,-0.0653317
160,0.993188,0.00681177,3.06492,-0.0649233
161,0.993231,0.00676946,3.06452,-0.0645201
162,0.993272,0.00672768,3.06412,-0.0641218
163,0.993314,0.0066864,3.06373,-0.0637284
164,0.993354,0.00664563,3.06334,-0.0633398
165,0.993395,0.00660536,3.06296,-0.062956
166,0.993434,0.00656556,3.06258,-0.0625767
167,0.993474,0.00652625,3.0622,-0.062202
168,0.993513,0.0064874,3.06183,-0.0618317
169,0.993551,0.00644902,3.06147,-0.0614659
170,0.993589,0.00641108,3.0611,-0.0611043
171,0.993626,0.00637359,3.06075,-0.060747
172,0.993663,0.00633653,3.06039,-0.0603938
173,0.9937,0.00629991,3.06004,-0.0600447
174,0.993736,0.0062637,3.0597,-0.0596996
175,0.993772,0.00622791,3.05936,-0.0593585
176,0.993807,0.00619252,3.05902,-0.0590212
177,0.993842,0.00615753,3.05869,-0.0586878
178,0.993877,0.00612294,3.05836,-0.0583581
179,0.993911,0.00608874,3.05803,-0.058032
180,0.993945,0.00605491,3.05771,-0.0577096
181,0.993979,0.00602146,3.05739,-0.0573908
182,0.994012,0.00598837,3.05708,-0.0570755
183,0.994044,0.00595565,3.05676,-0.0567636
184,0.994077,0.00592328,3.05646,-0.0564551
185,0.994109,0.00589126,3.05615,-0.0561499
186,0.99414,0.00585959,3.05585,-0.055848
187,0.994172,0.00582826,3.05555,-0.0555494
188,0.994203,0.00579725,3.05525,-0.0552539
189,0.994233,0.00576658,3.05496,-0.0549616
190,0.994264,0.00573623,3.05467,-0.0546723
191,0.994294,0.0057062,3.05439,-0.054386
192,0.994324,0.00567648,3.0541,-0.0541028
193,0.994353,0.00564707,3.05382,-0.0538225
194,0.994382,0.00561796,3.05355,-0.053545
195,0.994411,0.00558915,3.05327,-0.0532704
196,0.994439,0.00556063,3.053,-0.0529986
197,0.994468,0.0055324,3.05273,-0.0527296
198,0.994496,0.00550446,3.05246,-0.0524633
199,0.994523,0.0054768,3.0522,-0.0521997
200,0.994551,0.00544942,3.05194,-0.0519387
201,0.994578,0.00542231,3.05168,-0.0516803
202,0.994605,0.00539546,3.05142,-0.0514244
203,0.994631,0.00536889,3.05117,-0.0511711
204,0.994657,0.00534257,3.05092,-0.0509203
205,0.994683,0.00531651,3.05067,-0.0506719
206,0.994709,0.0052907,3.05043,-0.0504259
207,0.994735,0.00526514,3.05018,-0.0501823
208,0.99476,0.00523983,3.04994,-0.049941
209,0.994785,0.00521475,3.0497,-0.0497021
210,0.99481,0.00518992,3.04947,-0.0494654
211,0.994835,0.00516533,3.04923,-0.049231
212,0.994859,0.00514096,3.049,-0.0489987
213,0.994883,0.00511682,3.04877,-0.0487687
214,0.994907,0.00509291,3.04854,-0.0485408
215,0.994931,0.00506923,3.04832,-0.048315
216,0.994954,0.00504576,3.04809,-0.0480914
217,0.994977,0.00502251,3.04787,-0.0478697
218,0.995001,0.00499947,3.04765,-0.0476502
219,0.995023,0.00497664,3.04743,-0.0474326
220,0.995046,0.00495402,3.04722,-0.047217
221,0.995068,0.0049316,3.047,-0.0470033
222,0.995091,0.00490939,3.04679,-0.0467916
223,0.995113,0.00488737,3.04658,-0.0465818
224,0.995134,0.00486555,3.04637,-0.0463738
225,0.995156,0.00484393,3.04617,-0.0461677
226,0.995178,0.00482249,3.04596,-0.0459634
227,0.995199,0.00480125,3.04576,-0.0457609
228,0.99522,0.00478019,3.04556,-0.0455602
229,0.995241,0.00475932,3.04536,-0.0453613
230,0.995261,0.00473862,3.04516,-0.0451641
231,0.995282,0.00471811,3.04497,-0.0449685
232,0.995302,0.00469777,3.04477,-0.0447747
233,0.995322,0.00467761,3.04458,-0.0445825
234,0.995342,0.00465762,3.04439,-0.044392
235,0.995362,0.0046378,3.0442,-0.0442031
236,0.995382,0.00461815,3.04402,-0.0440158
237,0.995401,0.00459867,3.04383,-0.0438301
238,0.995421,0.00457934,3.04365,-0.0436459
239,0.99544,0.00456018,3.04346,-0.0434633
240,0.995459,0.00454118,3.04328,-0.0432822
241,0.995478,0.00452234,3.0431,-0.0431026
242,0.995496,0.00450365,3.04292,-0.0429245
243,0.995515,0.00448512,3.04275,-0.0427479
244,0.995533,0.00446674,3.04257,-0.0425727
245,0.995551,0.0044485,3.0424,-0.0423989
246,0.99557,0.00443042,3.04223,-0.0422266
247,0.995588,0.00441248,3.04206,-0.0420556
248,0.995605,0.00439469,3.04189,-0.041886
249,0.995623,0.00437704,3.04172,-0.0417178
250,0.99564,0.00435953,3.04155,-0.0415509
251,0.995658,0.00434217,3.04139,-0.0413854
252,0.995675,0.00432494,3.04122,-0.0412212
253,0.995692,0.00430784,3.04106,-0.0410582
254,0.995709,0.00429088,3.0409,-0.0408966
255,0.995726,0.00427405,3.04074,-0.0407362
256,0.995743,0.00425736,3.04058,-0.0405771
257,0.995759,0.00424079,3.04042,-0.0404192
258,0.995776,0.00422436,3.04026,-0.0402625
259,0.995792,0.00420805,3.04011,-0.0401071
260,0.995808,0.00419186,3.03995,-0.0399528
261,0.995824,0.0041758,3.0398,-0.0397997
262,0.99584,0.00415986,3.03965,-0.0396478
263,0.995856,0.00414404,3.0395,-0.0394971
264,0.995872,0.00412835,3.03935,-0.0393475
265,0.995887,0.00411277,3.0392,-0.039199
266,0.995903,0.00409731,3.03905,-0.0390516
267,0.995918,0.00408196,3.03891,-0.0389054
268,0.995933,0.00406673,3.03876,-0.0387602
269,0.995948,0.00405161,3.03862,-0.0386161
270,0.995963,0.00403661,3.03847,-0.0384731
271,0.995978,0.00402171,3.03833,-0.0383311
272,0.995993,0.00400693,3.03819,-0.0381902
273,0.996008,0.00399225,3.03805,-0.0380503
274,0.996022,0.00397768,3.03791,-0.0379114
275,0.996037,0.00396321,3.03777,-0.0377736
276,0.996051,0.00394885,3.03764,-0.0376367
277,0.996065,0.0039346,3.0375,-0.0375008
278,0.99608,0.00392044,3.03737,-0.0373659
279,0.996094,0.00390639,3.03723,-0.037232
280,0.996108,0.00389244,3.0371,-0.037099
281,0.996121,0.00387859,3.03697,-0.036967
282,0.996135,0.00386484,3.03684,-0.0368359
283,0.996149,0.00385118,3.03671,-0.0367058
284,0.996162,0.00383762,3.03658,-0.0365765
285,0.996176,0.00382415,3.03645,-0.0364482
286,0.996189,0.00381078,3.03632,-0.0363207
287,0.996202,0.0037975,3.03619,-0.0361942
288,0.996216,0.00378432,3.03607,-0.0360685
289,0.996229,0.00377122,3.03594,-0.0359437
290,0.996242,0.00375822,3.03582,-0.0358198
291,0.996255,0.0037453,3.0357,-0.0356967
292,0.996268,0.00373248,3.03557,-0.0355744
293,0.99628,0.00371974,3.03545,-0.035453
294,0.996293,0.00370709,3.03533,-0.0353324
295,0.996305,0.00369452,3.03521,-0.0352127
296,0.996318,0.00368204,3.03509,-0.0350937
297,0.99633,0.00366964,3.03498,-0.0349755
298,0.996343,0.00365733,3.03486,-0.0348582
299,0.996355,0.0036451,3.03474,-0.0347416
300,0.996367,0.00363295,3.03463,-0.0346258
301,0.996379,0.00362088,3.03451,-0.0345107
302,0.996391,0.00360889,3.0344,-0.0343965
303,0.996403,0.00359698,3.03428,-0.0342829
304,0.996415,0.00358514,3.03417,-0.0341702
305,0.996427,0.00357339,3.03406,-0.0340581
306,0.996438,0.00356171,3.03395,-0.0339468
307,0.99645,0.00355011,3.03384,-0.0338363
308,0.996461,0.00353858,3.03373,-0.0337264
309,0.996473,0.00352713,3.03362,-0.0336173
310,0.996484,0.00351575,3.03351,-0.0335088
311,0.996496,0.00350445,3.0334,-0.0334011
312,0.996507,0.00349322,3.03329,-0.033294
313,0.996518,0.00348206,3.03319,-0.0331876
314,0.996529,0.00347097,3.03308,-0.033082
315,0.99654,0.00345995,3.03298,-0.0329769
316,0.996551,0.003449,3.03287,-0.0328726
317,0.996562,0.00343812,3.03277,-0.0327689
318,0.996573,0.00342731,3.03267,-0.0326658
319,0.996583,0.00341656,3.03256,-0.0325634
320,0.996594,0.00340589,3.03246,-0.0324617
321,0.996605,0.00339528,3.03236,-0.0323605
322,0.996615,0.00338473,3.03226,-0.03226
323,0.996626,0.00337425,3.03216,-0.0321602
324,0.996636,0.00336384,3.03206,-0.0320609
325,0.996647,0.00335349,3.03196,-0.0319623
326,0.996657,0.0033432,3.03186,-0.0318642
327,0.996667,0.00333298,3.03177,-0.0317668
328,0.996677,0.00332282,3.03167,-0.0316699
329,0.996687,0.00331272,3.03157,-0.0315737
330,0.996697,0.00330268,3.03148,-0.031478
331,0.996707,0.0032927,3.03138,-0.0313829
332,0.996717,0.00328278,3.03129,-0.0312884
333,0.996727,0.00327292,3.03119,-0.0311944
334,0.996737,0.00326312,3.0311,-0.031101
335,0.996747,0.00325338,3.03101,-0.0310082
336,0.996756,0.0032437,3.03092,-0.0309159
337,0.996766,0.00323408,3.03082,-0.0308241
338,0.996775,0.00322451,3.03073,-0.0307329
339,0.996785,0.003215,3.03064,-0.0306423
340,0.996794,0.00320554,3.03055,-0.0305522
341,0.996804,0.00319614,3.03046,-0.0304626
342,0.996813,0.00318679,3.03037,-0.0303735
343,0.996822,0.0031775,3.03028,-0.0302849
344,0.996832,0.00316827,3.0302,-0.0301969
345,0.996841,0.00315908,3.03011,-0.0301094
346,0.99685,0.00314995,3.03002,-0.0300224
347,0.996859,0.00314088,3.02994,-0.0299358
348,0.996868,0.00313185,3.02985,-0.0298498
349,0.996877,0.00312288,3.02976,-0.0297643
350,0.996886,0.00311395,3.02968,-0.0296792
351,0.996895,0.00310508,3.02959,-0.0295947
352,0.996904,0.00309626,3.02951,-0.0295106
353,0.996913,0.00308749,3.02943,-0.029427
354,0.996921,0.00307877,3.02934,-0.0293439
355,0.99693,0.00307009,3.02926,-0.0292612
356,0.996939,0.00306147,3.02918,-0.029179
357,0.996947,0.0030529,3.0291,-0.0290973
358,0.996956,0.00304437,3.02902,-0.029016
359,0.996964,0.00303589,3.02894,-0.0289352
360,0.996973,0.00302745,3.02885,-0.0288548
361,0.996981,0.00301907,3.02877,-0.0287749
362,0.996989,0.00301073,3.0287,-0.0286954
363,0.996998,0.00300243,3.02862,-0.0286163
364,0.997006,0.00299419,3.02854,-0.0285377
365,0.997014,0.00298598,3.02846,-0.0284595
366,0.997022,0.00297782,3.02838,-0.0283818
367,0.99703,0.00296971,3.0283,-0.0283045
368,0.997038,0.00296164,3.02823,-0.0282275
369,0.997046,0.00295361,3.02815,-0.028151
370,0.997054,0.00294563,3.02807,-0.028075
371,0.997062,0.00293769,3.028,-0.0279993
372,0.99707,0.00292979,3.02792,-0.027924
373,0.997078,0.00292194,3.02785,-0.0278492
374,0.997086,0.00291413,3.02777,-0.0277747
375,0.997094,0.00290636,3.0277,-0.0277006
376,0.997101,0.00289863,3.02763,-0.027627
377,0.997109,0.00289094,3.02755,-0.0275537
378,0.997117,0.00288329,3.02748,-0.0274808
379,0.997124,0.00287568,3.02741,-0.0274083
380,0.997132,0.00286811,3.02734,-0.0273361
381,0.997139,0.00286059,3.02726,-0.0272644
382,0.997147,0.0028531,3.02719,-0.027193
383,0.997154,0.00284565,3.02712,-0.027122
384,0.997162,0.00283824,3.02705,-0.0270514
385,0.997169,0.00283087,3.02698,-0.0269811
386,0.997176,0.00282353,3.02691,-0.0269112
387,0.997184,0.00281624,3.02684,-0.0268417
388,0.997191,0.00280898,3.02677,-0.0267725
389,0.997198,0.00280176,3.0267,-0.0267037
390,0.997205,0.00279457,3.02664,-0.0266352
391,0.997213,0.00278743,3.02657,-0.0265671
392,0.99722,0.00278032,3.0265,-0.0264993
393,0.997227,0.00277324,3.02643,-0.0264319
394,0.997234,0.0027662,3.02636,-0.0263648
395,0.997241,0.0027592,3.0263,-0.0262981
396,0.997248,0.00275223,3.02623,-0.0262317
397,0.997255,0.0027453,3.02617,-0.0261656
398,0.997262,0.0027384,3.0261,-0.0260998
399,0.997268,0.00273154,3.02603,-0.0260344
400,0.997275,0.00272471,3.02597,-0.0259693
401,0.997282,0.00271791,3.0259,-0.0259046
402,0.997289,0.00271115,3.02584,-0.0258401
403,0.997296,0.00270443,3.02578,-0.025776
404,0.997302,0.00269773,3.02571,-0.0257122
405,0.997309,0.00269107,3.02565,-0.0256487
406,0.997316,0.00268444,3.02559,-0.0255856
407,0.997322,0.00267785,3.02552,-0.0255227
408,0.997329,0.00267128,3.02546,-0.0254601
409,0.997335,0.00266475,3.0254,-0.0253979
410,0.997342,0.00265825,3.02534,-0.0253359
411,0.997348,0.00265179,3.02527,-0.0252743
412,0.997355,0.00264535,3.02521,-0.0252129
413,0.997361,0.00263894,3.02515,-0.0251519
414,0.997367,0.00263257,3.02509,-0.0250911
415,0.997374,0.00262623,3.02503,-0.0250307
416,0.99738,0.00261991,3.02497,-0.0249705
417,0.997386,0.00261363,3.02491,-0.0249106
418,0.997393,0.00260738,3.02485,-0.024851
419,0.997399,0.00260115,3.02479,-0.0247917
420,0.997405,0.00259496,3.02473,-0.0247327
421,0.997411,0.0025888,3.02467,-0.024674
422,0.997417,0.00258266,3.02462,-0.0246155
423,0.997423,0.00257656,3.02456,-0.0245573
424,0.99743,0.00257048,3.0245,-0.0244994
425,0.997436,0.00256443,3.02444,-0.0244417
426,0.997442,0.00255841,3.02438,-0.0243844
427,0.997448,0.00255242,3.02433,-0.0243272
428,0.997454,0.00254646,3.02427,-0.0242704
429,0.997459,0.00254052,3.02421,-0.0242138
430,0.997465,0.00253461,3.02416,-0.0241575
431,0.997471,0.00252873,3.0241,-0.0241015
432,0.997477,0.00252288,3.02405,-0.0240457
433,0.997483,0.00251705,3.02399,-0.0239901
434,0.997489,0.00251125,3.02393,-0.0239349
435,0.997495,0.00250548,3.02388,-0.0238798
436,0.9975,0.00249973,3.02383,-0.0238251
437,0.997506,0.00249401,3.02377,-0.0237706
438,0.997512,0.00248832,3.02372,-0.0237163
439,0.997517,0.00248265,3.02366,-0.0236623
440,0.997523,0.00247701,3.02361,-0.0236085
441,0.997529,0.00247139,3.02355,-0.023555
442,0.997534,0.0024658,3.0235,-0.0235017
443,0.99754,0.00246023,3.02345,-0.0234486
444,0.997545,0.00245469,3.0234,-0.0233958
445,0.997551,0.00244918,3.02334,-0.0233432
446,0.997556,0.00244369,3.02329,-0.0232909
447,0.997562,0.00243822,3.02324,-0.0232388
448,0.997567,0.00243278,3.02319,-0.0231869
449,0.997573,0.00242736,3.02314,-0.0231353
450,0.997578,0.00242196,3.02308,-0.0230839
451,0.997583,0.00241659,3.02303,-0.0230327
452,0.997589,0.00241125,3.02298,-0.0229817
453,0.997594,0.00240592,3.02293,-0.022931
454,0.997599,0.00240062,3.02288,-0.0228805
455,0.997605,0.00239535,3.02283,-0.0228302
456,0.99761,0.0023901,3.02278,-0.0227801
457,0.997615,0.00238487,3.02273,-0.0227303
458,0.99762,0.00237966,3.02268,-0.0226806
459,0.997626,0.00237447,3.02263,-0.0226312
460,0.997631,0.00236931,3.02258,-0.022582
461,0.997636,0.00236417,3.02253,-0.022533
462,0.997641,0.00235906,3.02248,-0.0224843
463,0.997646,0.00235396,3.02244,-0.0224357
464,0.997651,0.00234889,3.02239,-0.0223874
465,0.997656,0.00234384,3.02234,-0.0223392
466,0.997661,0.00233881,3.02229,-0.0222913
467,0.997666,0.0023338,3.02224,-0.0222435
468,0.997671,0.00232881,3.0222,-0.022196
469,0.997676,0.00232385,3.02215,-0.0221487
470,0.997681,0.0023189,3.0221,-0.0221016
471,0.997686,0.00231398,3.02205,-0.0220546
472,0.997691,0.00230908,3.02201,-0.0220079
473,0.997696,0.00230419,3.02196,-0.0219614
474,0.997701,0.00229933,3.02192,-0.021915
475,0.997706,0.00229449,3.02187,-0.0218689
476,0.99771,0.00228967,3.02182,-0.021823
477,0.997715,0.00228487,3.02178,-0.0217772
478,0.99772,0.00228009,3.02173,-0.0217317
479,0.997725,0.00227533,3.02169,-0.0216863
480,0.997729,0.00227059,3.02164,-0.0216411
481,0.997734,0.00226587,3.0216,-0.0215961
482,0.997739,0.00226117,3.02155,-0.0215513
483,0.997744,0.00225649,3.02151,-0.0215067
484,0.997748,0.00225183,3.02146,-0.0214623
485,0.997753,0.00224718,3.02142,-0.021418
486,0.997757,0.00224256,3.02137,-0.0213739
487,0.997762,0.00223795,3.02133,-0.02133
488,0.997767,0.00223337,3.02129,-0.0212863
489,0.997771,0.0022288,3.02124,-0.0212428
490,0.997776,0.00222425,3.0212,-0.0211995
491,0.99778,0.00221972,3.02116,-0.0211563
492,0.997785,0.00221521,3.02111,-0.0211133
493,0.997789,0.00221072,3.02107,-0.0210705
494,0.997794,0.00220624,3.02103,-0.0210278
495,0.997798,0.00220179,3.02099,-0.0209853
496,0.997803,0.00219735,3.02094,-0.020943
497,0.997807,0.00219292,3.0209,-0.0209009
498,0.997811,0.00218852,3.02086,-0.0208589
499,0.997816,0.00218414,3.02082,-0.0208171
500,0.99782,0.00217977,3.02078,-0.0207755
501,0.997825,0.00217542,3.02073,-0.020734
502,0.997829,0.00217108,3.02069,-0.0206927
503,0.997833,0.00216677,3.02065,-0.0206516
504,0.997838,0.00216247,3.02061,-0.0206106
505,0.997842,0.00215819,3.02057,-0.0205698
506,0.997846,0.00215392,3.02053,-0.0205291
507,0.99785,0.00214967,3.02049,-0.0204886
508,0.997855,0.00214544,3.02045,-0.0204483
509,0.997859,0.00214123,3.02041,-0.0204081
510,0.997863,0.00213703,3.02037,-0.0203681
511,0.997867,0.00213284,3.02033,-0.0203282
512,0.997871,0.00212868,3.02029,-0.0202885
513,0.997875,0.00212453,3.02025,-0.020249
514,0.99788,0.0021204,3.02021,-0.0202096
515,0.997884,0.00211628,3.02017,-0.0201704
516,0.997888,0.00211218,3.02013,-0.0201313
517,0.997892,0.00210809,3.02009,-0.0200923
518,0.997896,0.00210402,3.02005,-0.0200535
519,0.9979,0.00209997,3.02001,-0.0200149
520,0.997904,0.00209593,3.01998,-0.0199764
521,0.997908,0.00209191,3.01994,-0.0199381
522,0.997912,0.0020879,3.0199,-0.0198999
523,0.997916,0.00208391,3.01986,-0.0198618
524,0.99792,0.00207993,3.01982,-0.0198239
525,0.997924,0.00207597,3.01979,-0.0197862
526,0.997928,0.00207202,3.01975,-0.0197485
527,0.997932,0.00206809,3.01971,-0.0197111
528,0.997936,0.00206417,3.01967,-0.0196737
529,0.99794,0.00206027,3.01964,-0.0196365
530,0.997944,0.00205638,3.0196,-0.0195995
531,0.997947,0.00205251,3.01956,-0.0195626
532,0.997951,0.00204865,3.01953,-0.0195258
533,0.997955,0.00204481,3.01949,-0.0194892
534,0.997959,0.00204098,3.01945,-0.0194527
535,0.997963,0.00203717,3.01942,-0.0194163
536,0.997967,0.00203337,3.01938,-0.0193801
537,0.99797,0.00202958,3.01934,-0.019344
538,0.997974,0.00202581,3.01931,-0.0193081
539,0.997978,0.00202205,3.01927,-0.0192722
540,0.997982,0.0020183,3.01924,-0.0192365
541,0.997985,0.00201457,3.0192,-0.019201
542,0.997989,0.00201086,3.01917,-0.0191656
543,0.997993,0.00200715,3.01913,-0.0191303
544,0.997997,0.00200346,3.0191,-0.0190951
545,0.998,0.00199979,3.01906,-0.0190601
546,0.998004,0.00199612,3.01903,-0.0190252
547,0.998008,0.00199247,3.01899,-0.0189904
548,0.998011,0.00198884,3.01896,-0.0189557
549,0.998015,0.00198522,3.01892,-0.0189212
550,0.998018,0.00198161,3.01889,-0.0188868
551,0.998022,0.00197801,3.01885,-0.0188525
552,0.998026,0.00197443,3.01882,-0.0188184
553,0.998029,0.00197086,3.01878,-0.0187843
554,0.998033,0.0019673,3.01875,-0.0187504
555,0.998036,0.00196375,3.01872,-0.0187166
556,0.99804,0.00196022,3.01868,-0.018683
557,0.998043,0.0019567,3.01865,-0.0186494
558,0.998047,0.0019532,3.01862,-0.018616
559,0.99805,0.0019497,3.01858,-0.0185827
560,0.998054,0.00194622,3.01855,-0.0185495
561,0.998057,0.00194275,3.01852,-0.0185165
562,0.998061,0.00193929,3.01848,-0.0184835
563,0.998064,0.00193585,3.01845,-0.0184507
564,0.998068,0.00193242,3.01842,-0.018418
565,0.998071,0.001929,3.01839,-0.0183854
566,0.998074,0.00192559,3.01835,-0.0183529
567,0.998078,0.00192219,3.01832,-0.0183205
568,0.998081,0.00191881,3.01829,-0.0182883
569,0.998085,0.00191544,3.01826,-0.0182561
570,0.998088,0.00191208,3.01822,-0.0182241
571,0.998091,0.00190873,3.01819,-0.0181922
572,0.998095,0.00190539,3.01816,-0.0181604
573,0.998098,0.00190207,3.01813,-0.0181287
574,0.998101,0.00189875,3.0181,-0.0180971
575,0.998105,0.00189545,3.01807,-0.0180656
576,0.998108,0.00189216,3.01803,-0.0180343
577,0.998111,0.00188888,3.018,-0.018003
578,0.998114,0.00188561,3.01797,-0.0179719
579,0.998118,0.00188236,3.01794,-0.0179408
580,0.998121,0.00187911,3.01791,-0.0179099
581,0.998124,0.00187588,3.01788,-0.0178791
582,0.998127,0.00187265,3.01785,-0.0178483
583,0.998131,0.00186944,3.01782,-0.0178177
584,0.998134,0.00186624,3.01779,-0.0177872
585,0.998137,0.00186305,3.01776,-0.0177568
586,0.99814,0.00185987,3.01773,-0.0177265
587,0.998143,0.0018567,3.0177,-0.0176963
588,0.998146,0.00185354,3.01767,-0.0176662
589,0.99815,0.0018504,3.01764,-0.0176362
590,0.998153,0.00184726,3.01761,-0.0176063
591,0.998156,0.00184413,3.01758,-0.0175765
592,0.998159,0.00184102,3.01755,-0.0175468
593,0.998162,0.00183792,3.01752,-0.0175173
594,0.998165,0.00183482,3.01749,-0.0174878
595,0.998168,0.00183174,3.01746,-0.0174584
596,0.998171,0.00182866,3.01743,-0.0174291
597,0.998174,0.0018256,3.0174,-0.0173999
598,0.998177,0.00182255,3.01737,-0.0173708
599,0.99818,0.00181951,3.01734,-0.0173418
600,0.998184,0.00181647,3.01731,-0.0173129
601,0.998187,0.00181345,3.01728,-0.0172841
602,0.99819,0.00181044,3.01726,-0.0172554
603,0.998193,0.00180744,3.01723,-0.0172268
604,0.998196,0.00180444,3.0172,-0.0171982
605,0.998199,0.00180146,3.01717,-0.0171698
606,0.998202,0.00179849,3.01714,-0.0171415
607,0.998204,0.00179553,3.01711,-0.0171132
608,0.998207,0.00179257,3.01709,-0.0170851
609,0.99821,0.00178963,3.01706,-0.017057
610,0.998213,0.00178669,3.01703,-0.0170291
611,0.998216,0.00178377,3.017,-0.0170012
612,0.998219,0.00178086,3.01697,-0.0169734
613,0.998222,0.00177795,3.01695,-0.0169457
614,0.998225,0.00177505,3.01692,-0.0169181
615,0.998228,0.00177217,3.01689,-0.0168906
616,0.998231,0.00176929,3.01686,-0.0168632
617,0.998234,0.00176642,3.01684,-0.0168359
618,0.998236,0.00176357,3.01681,-0.0168086
619,0.998239,0.00176072,3.01678,-0.0167815
620,0.998242,0.00175788,3.01675,-0.0167544
621,0.998245,0.00175505,3.01673,-0.0167274
622,0.998248,0.00175222,3.0167,-0.0167005
623,0.998251,0.00174941,3.01667,-0.0166737
624,0.998253,0.00174661,3.01665,-0.016647
625,0.998256,0.00174381,3.01662,-0.0166204
626,0.998259,0.00174103,3.01659,-0.0165938
627,0.998262,0.00173825,3.01657,-0.0165674
628,0.998265,0.00173548,3.01654,-0.016541
629,0.998267,0.00173272,3.01651,-0.0165147
630,0.99827,0.00172997,3.01649,-0.0164885
631,0.998273,0.00172723,3.01646,-0.0164623
632,0.998276,0.0017245,3.01644,-0.0164363
633,0.998278,0.00172178,3.01641,-0.0164103
634,0.998281,0.00171906,3.01638,-0.0163844
635,0.998284,0.00171635,3.01636,-0.0163586
636,0.998286,0.00171365,3.01633,-0.0163329
637,0.998289,0.00171096,3.01631,-0.0163073
638,0.998292,0.00170828,3.01628,-0.0162817
639,0.998294,0.00170561,3.01626,-0.0162562
640,0.998297,0.00170294,3.01623,-0.0162308
641,0.9983,0.00170029,3.01621,-0.0162055
642,0.998302,0.00169764,3.01618,-0.0161803
643,0.998305,0.001695,3.01616,-0.0161551
644,0.998308,0.00169237,3.01613,-0.01613
645,0.99831,0.00168974,3.01611,-0.016105
646,0.998313,0.00168713,3.01608,-0.0160801
647,0.998315,0.00168452,3.01606,-0.0160552
648,0.998318,0.00168192,3.01603,-0.0160305
649,0.998321,0.00167933,3.01601,-0.0160058
650,0.998323,0.00167674,3.01598,-0.0159811
651,0.998326,0.00167417,3.01596,-0.0159566
652,0.998328,0.0016716,3.01593,-0.0159321
653,0.998331,0.00166904,3.01591,-0.0159077
654,0.998334,0.00166649,3.01588,-0.0158834
655,0.998336,0.00166394,3.01586,-0.0158591
656,0.998339,0.00166141,3.01583,-0.015835
657,0.998341,0.00165888,3.01581,-0.0158109
658,0.998344,0.00165636,3.01579,-0.0157868
659,0.998346,0.00165384,3.01576,-0.0157629
660,0.998349,0.00165134,3.01574,-0.015739
661,0.998351,0.00164884,3.01572,-0.0157152
662,0.998354,0.00164635,3.01569,-0.0156914
663,0.998356,0.00164387,3.01567,-0.0156678
664,0.998359,0.00164139,3.01564,-0.0156442
665,0.998361,0.00163892,3.01562,-0.0156207
666,0.998364,0.00163646,3.0156,-0.0155972
667,0.998366,0.00163401,3.01557,-0.0155738
668,0.998368,0.00163156,3.01555,-0.0155505
669,0.998371,0.00162912,3.01553,-0.0155273
670,0.998373,0.00162669,3.0155,-0.0155041
671,0.998376,0.00162427,3.01548,-0.015481
672,0.998378,0.00162185,3.01546,-0.0154579
673,0.998381,0.00161944,3.01543,-0.015435
674,0.998383,0.00161704,3.01541,-0.0154121
675,0.998385,0.00161464,3.01539,-0.0153892
676,0.998388,0.00161225,3.01537,-0.0153665
677,0.99839,0.00160987,3.01534,-0.0153438
678,0.998393,0.0016075,3.01532,-0.0153211
679,0.998395,0.00160513,3.0153,-0.0152986
680,0.998397,0.00160277,3.01528,-0.0152761
681,0.9984,0.00160042,3.01525,-0.0152536
682,0.998402,0.00159807,3.01523,-0.0152313
683,0.998404,0.00159573,3.01521,-0.015209
684,0.998407,0.0015934,3.01519,-0.0151867
685,0.998409,0.00159107,3.01516,-0.0151646
686,0.998411,0.00158875,3.01514,-0.0151425
687,0.998414,0.00158644,3.01512,-0.0151204
688,0.998416,0.00158413,3.0151,-0.0150984
689,0.998418,0.00158183,3.01508,-0.0150765
690,0.99842,0.00157954,3.01505,-0.0150547
691,0.998423,0.00157726,3.01503,-0.0150329
692,0.998425,0.00157498,3.01501,-0.0150112
693,0.998427,0.0015727,3.01499,-0.0149895
694,0.99843,0.00157044,3.01497,-0.0149679
695,0.998432,0.00156818,3.01495,-0.0149464
696,0.998434,0.00156592,3.01492,-0.0149249
697,0.998436,0.00156368,3.0149,-0.0149035
698,0.998439,0.00156144,3.01488,-0.0148821
699,0.998441,0.0015592,3.01486,-0.0148608
700,0.998443,0.00155698,3.01484,-0.0148396
701,0.998445,0.00155476,3.01482,-0.0148185
702,0.998447,0.00155254,3.0148,-0.0147973
703,0.99845,0.00155033,3.01478,-0.0147763
704,0.998452,0.00154813,3.01476,-0.0147553
705,0.998454,0.00154593,3.01473,-0.0147344
706,0.998456,0.00154374,3.01471,-0.0147135
707,0.998458,0.00154156,3.01469,-0.0146927
708,0.998461,0.00153938,3.01467,-0.0146719
709,0.998463,0.00153721,3.01465,-0.0146512
710,0.998465,0.00153505,3.01463,-0.0146306
711,0.998467,0.00153289,3.01461,-0.01461
712,0.998469,0.00153074,3.01459,-0.0145895
713,0.998471,0.00152859,3.01457,-0.0145691
714,0.998474,0.00152645,3.01455,-0.0145486
715,0.998476,0.00152431,3.01453,-0.0145283
716,0.998478,0.00152218,3.01451,-0.014508
717,0.99848,0.00152006,3.01449,-0.0144878
718,0.998482,0.00151794,3.01447,-0.0144676
719,0.998484,0.00151583,3.01445,-0.0144475
720,0.998486,0.00151373,3.01443,-0.0144274
721,0.998488,0.00151163,3.01441,-0.0144074
722,0.99849,0.00150953,3.01439,-0.0143874
723,0.998493,0.00150745,3.01437,-0.0143675
724,0.998495,0.00150536,3.01435,-0.0143477
725,0.998497,0.00150329,3.01433,-0.0143279
726,0.998499,0.00150122,3.01431,-0.0143082
727,0.998501,0.00149915,3.01429,-0.0142885
728,0.998503,0.00149709,3.01427,-0.0142689
729,0.998505,0.00149504,3.01425,-0.0142493
730,0.998507,0.00149299,3.01423,-0.0142298
731,0.998509,0.00149095,3.01421,-0.0142103
732,0.998511,0.00148891,3.01419,-0.0141909
733,0.998513,0.00148688,3.01417,-0.0141715
734,0.998515,0.00148486,3.01415,-0.0141522
735,0.998517,0.00148283,3.01413,-0.014133
736,0.998519,0.00148082,3.01411,-0.0141138
737,0.998521,0.00147881,3.01409,-0.0140946
738,0.998523,0.00147681,3.01408,-0.0140755
739,0.998525,0.00147481,3.01406,-0.0140565
740,0.998527,0.00147282,3.01404,-0.0140375
741,0.998529,0.00147083,3.01402,-0.0140185
742,0.998531,0.00146885,3.014,-0.0139996
743,0.998533,0.00146687,3.01398,-0.0139808
744,0.998535,0.0014649,3.01396,-0.013962
745,0.998537,0.00146293,3.01394,-0.0139433
746,0.998539,0.00146097,3.01392,-0.0139246
747,0.998541,0.00145901,3.01391,-0.0139059
748,0.998543,0.00145706,3.01389,-0.0138873
749,0.998545,0.00145512,3.01387,-0.0138688
750,0.998547,0.00145318,3.01385,-0.0138503
751,0.998549,0.00145124,3.01383,-0.0138319
752,0.998551,0.00144931,3.01381,-0.0138135
753,0.998553,0.00144739,3.0138,-0.0137951
754,0.998555,0.00144547,3.01378,-0.0137768
755,0.998556,0.00144355,3.01376,-0.0137586
756,0.998558,0.00144165,3.01374,-0.0137404
757,0.99856,0.00143974,3.01372,-0.0137222
758,0.998562,0.00143784,3.0137,-0.0137041
759,0.998564,0.00143595,3.01369,-0.0136861
760,0.998566,0.00143406,3.01367,-0.0136681
761,0.998568,0.00143217,3.01365,-0.0136501
762,0.99857,0.00143029,3.01363,-0.0136322
763,0.998572,0.00142842,3.01361,-0.0136143
764,0.998573,0.00142655,3.0136,-0.0135965
765,0.998575,0.00142468,3.01358,-0.0135787
766,0.998577,0.00142282,3.01356,-0.013561
767,0.998579,0.00142097,3.01354,-0.0135433
768,0.998581,0.00141912,3.01353,-0.0135257
769,0.998583,0.00141727,3.01351,-0.0135081
770,0.998585,0.00141543,3.01349,-0.0134906
771,0.998586,0.0014136,3.01347,-0.0134731
772,0.998588,0.00141177,3.01346,-0.0134556
773,0.99859,0.00140994,3.01344,-0.0134382
774,0.998592,0.00140812,3.01342,-0.0134208
775,0.998594,0.0014063,3.0134,-0.0134035
776,0.998596,0.00140449,3.01339,-0.0133863
777,0.998597,0.00140268,3.01337,-0.013369
778,0.998599,0.00140088,3.01335,-0.0133518
779,0.998601,0.00139908,3.01333,-0.0133347
780,0.998603,0.00139729,3.01332,-0.0133176
781,0.998605,0.0013955,3.0133,-0.0133006
782,0.998606,0.00139371,3.01328,-0.0132835
783,0.998608,0.00139193,3.01327,-0.0132666
784,0.99861,0.00139016,3.01325,-0.0132497
785,0.998612,0.00138839,3.01323,-0.0132328
786,0.998613,0.00138662,3.01322,-0.0132159
787,0.998615,0.00138486,3.0132,-0.0131992
788,0.998617,0.0013831,3.01318,-0.0131824
789,0.998619,0.00138135,3.01317,-0.0131657
790,0.99862,0.0013796,3.01315,-0.013149
791,0.998622,0.00137786,3.01313,-0.0131324
792,0.998624,0.00137612,3.01312,-0.0131158
793,0.998626,0.00137438,3.0131,-0.0130993
794,0.998627,0.00137265,3.01308,-0.0130828
795,0.998629,0.00137092,3.01307,-0.0130663
796,0.998631,0.0013692,3.01305,-0.0130499
797,0.998633,0.00136748,3.01303,-0.0130335
798,0.998634,0.00136577,3.01302,-0.0130172
799,0.998636,0.00136406,3.013,-0.0130009
800,0.998638,0.00136235,3.01298,-0.0129847
801,0.998639,0.00136065,3.01297,-0.0129685
802,0.998641,0.00135896,3.01295,-0.0129523
803,0.998643,0.00135726,3.01294,-0.0129362
804,0.998644,0.00135558,3.01292,-0.0129201
805,0.998646,0.00135389,3.0129,-0.012904
806,0.998648,0.00135221,3.01289,-0.012888
807,0.998649,0.00135054,3.01287,-0.012872
808,0.998651,0.00134887,3.01286,-0.0128561
809,0.998653,0.0013472,3.01284,-0.0128402
810,0.998654,0.00134554,3.01282,-0.0128244
811,0.998656,0.00134388,3.01281,-0.0128085
812,0.998658,0.00134222,3.01279,-0.0127928
813,0.998659,0.00134057,3.01278,-0.012777
814,0.998661,0.00133892,3.01276,-0.0127613
815,0.998663,0.00133728,3.01275,-0.0127457
816,0.998664,0.00133564,3.01273,-0.0127301
817,0.998666,0.00133401,3.01271,-0.0127145
818,0.998668,0.00133238,3.0127,-0.0126989
819,0.998669,0.00133075,3.01268,-0.0126834
820,0.998671,0.00132913,3.01267,-0.012668
821,0.998672,0.00132751,3.01265,-0.0126525
822,0.998674,0.00132589,3.01264,-0.0126371
823,0.998676,0.00132428,3.01262,-0.0126218
824,0.998677,0.00132267,3.01261,-0.0126065
825,0.998679,0.00132107,3.01259,-0.0125912
826,0.998681,0.00131947,3.01258,-0.0125759
827,0.998682,0.00131788,3.01256,-0.0125607
828,0.998684,0.00131628,3.01255,-0.0125456
829,0.998685,0.0013147,3.01253,-0.0125304
830,0.998687,0.00131311,3.01252,-0.0125153
831,0.998688,0.00131153,3.0125,-0.0125003
832,0.99869,0.00130996,3.01249,-0.0124853
833,0.998692,0.00130838,3.01247,-0.0124703
834,0.998693,0.00130681,3.01246,-0.0124553
835,0.998695,0.00130525,3.01244,-0.0124404
836,0.998696,0.00130369,3.01243,-0.0124255
837,0.998698,0.00130213,3.01241,-0.0124107
838,0.998699,0.00130058,3.0124,-0.0123959
839,0.998701,0.00129903,3.01238,-0.0123811
840,0.998703,0.00129748,3.01237,-0.0123663
841,0.998704,0.00129594,3.01235,-0.0123516
842,0.998706,0.0012944,3.01234,-0.012337
843,0.998707,0.00129286,3.01232,-0.0123223
844,0.998709,0.00129133,3.01231,-0.0123077
845,0.99871,0.0012898,3.01229,-0.0122932
846,0.998712,0.00128828,3.01228,-0.0122786
847,0.998713,0.00128676,3.01226,-0.0122641
848,0.998715,0.00128524,3.01225,-0.0122497
849,0.998716,0.00128373,3.01224,-0.0122353
850,0.998718,0.00128222,3.01222,-0.0122209
851,0.998719,0.00128071,3.01221,-0.0122065
852,0.998721,0.00127921,3.01219,-0.0121922
853,0.998722,0.00127771,3.01218,-0.0121779
854,0.998724,0.00127621,3.01216,-0.0121636
855,0.998725,0.00127472,3.01215,-0.0121494
856,0.998727,0.00127323,3.01214,-0.0121352
857,0.998728,0.00127174,3.01212,-0.012121
858,0.99873,0.00127026,3.01211,-0.0121069
859,0.998731,0.00126878,3.01209,-0.0120928
860,0.998733,0.00126731,3.01208,-0.0120788
861,0.998734,0.00126583,3.01206,-0.0120647
862,0.998736,0.00126437,3.01205,-0.0120507
863,0.998737,0.0012629,3.01204,-0.0120368
864,0.998739,0.00126144,3.01202,-0.0120228
865,0.99874,0.00125998,3.01201,-0.0120089
866,0.998741,0.00125853,3.012,-0.0119951
867,0.998743,0.00125707,3.01198,-0.0119812
868,0.998744,0.00125563,3.01197,-0.0119674
869,0.998746,0.00125418,3.01195,-0.0119537
870,0.998747,0.00125274,3.01194,-0.0119399
871,0.998749,0.0012513,3.01193,-0.0119262
872,0.99875,0.00124987,3.01191,-0.0119125
873,0.998752,0.00124843,3.0119,-0.0118989
874,0.998753,0.00124701,3.01189,-0.0118853
875,0.998754,0.00124558,3.01187,-0.0118717
876,0.998756,0.00124416,3.01186,-0.0118581
877,0.998757,0.00124274,3.01184,-0.0118446
878,0.998759,0.00124133,3.01183,-0.0118311
879,0.99876,0.00123991,3.01182,-0.0118177
880,0.998761,0.0012385,3.0118,-0.0118042
881,0.998763,0.0012371,3.01179,-0.0117908
882,0.998764,0.0012357,3.01178,-0.0117775
883,0.998766,0.0012343,3.01176,-0.0117641
884,0.998767,0.0012329,3.01175,-0.0117508
885,0.998768,0.00123151,3.01174,-0.0117376
886,0.99877,0.00123012,3.01172,-0.0117243
887,0.998771,0.00122873,3.01171,-0.0117111
888,0.998773,0.00122735,3.0117,-0.0116979
889,0.998774,0.00122597,3.01168,-0.0116847
890,0.998775,0.00122459,3.01167,-0.0116716
891,0.998777,0.00122321,3.01166,-0.0116585
892,0.998778,0.00122184,3.01165,-0.0116454
893,0.99878,0.00122047,3.01163,-0.0116324
894,0.998781,0.00121911,3.01162,-0.0116194
895,0.998782,0.00121775,3.01161,-0.0116064
896,0.998784,0.00121639,3.01159,-0.0115935
897,0.998785,0.00121503,3.01158,-0.0115805
898,0.998786,0.00121368,3.01157,-0.0115676
899,0.998788,0.00121233,3.01155,-0.0115548
900,0.998789,0.00121098,3.01154,-0.0115419
901,0.99879,0.00120964,3.01153,-0.0115291
902,0.998792,0.0012083,3.01152,-0.0115163
903,0.998793,0.00120696,3.0115,-0.0115036
904,0.998794,0.00120562,3.01149,-0.0114909
905,0.998796,0.00120429,3.01148,-0.0114782
906,0.998797,0.00120296,3.01147,-0.0114655
907,0.998798,0.00120164,3.01145,-0.0114528
908,0.9988,0.00120031,3.01144,-0.0114402
909,0.998801,0.00119899,3.01143,-0.0114276
910,0.998802,0.00119767,3.01142,-0.0114151
911,0.998804,0.00119636,3.0114,-0.0114026
912,0.998805,0.00119505,3.01139,-0.0113901
913,0.998806,0.00119374,3.01138,-0.0113776
914,0.998808,0.00119243,3.01137,-0.0113651
915,0.998809,0.00119113,3.01135,-0.0113527
916,0.99881,0.00118983,3.01134,-0.0113403
917,0.998811,0.00118853,3.01133,-0.011328
918,0.998813,0.00118724,3.01132,-0.0113156
919,0.998814,0.00118595,3.0113,-0.0113033
920,0.998815,0.00118466,3.01129,-0.011291
921,0.998817,0.00118337,3.01128,-0.0112788
922,0.998818,0.00118209,3.01127,-0.0112665
923,0.998819,0.00118081,3.01125,-0.0112543
924,0.99882,0.00117953,3.01124,-0.0112421
925,0.998822,0.00117825,3.01123,-0.01123
926,0.998823,0.00117698,3.01122,-0.0112179
927,0.998824,0.00117571,3.01121,-0.0112058
928,0.998826,0.00117444,3.01119,-0.0111937
929,0.998827,0.00117318,3.01118,-0.0111816
930,0.998828,0.00117192,3.01117,-0.0111696
931,0.998829,0.00117066,3.01116,-0.0111576
932,0.998831,0.0011694,3.01115,-0.0111456
933,0.998832,0.00116815,3.01113,-0.0111337
934,0.998833,0.0011669,3.01112,-0.0111218
935,0.998834,0.00116565,3.01111,-0.0111099
936,0.998836,0.00116441,3.0111,-0.011098
937,0.998837,0.00116316,3.01109,-0.0110862
938,0.998838,0.00116192,3.01107,-0.0110743
939,0.998839,0.00116069,3.01106,-0.0110625
940,0.998841,0.00115945,3.01105,-0.0110508
941,0.998842,0.00115822,3.01104,-0.011039
942,0.998843,0.00115699,3.01103,-0.0110273
943,0.998844,0.00115576,3.01102,-0.0110156
944,0.998845,0.00115454,3.011,-0.011004
945,0.998847,0.00115332,3.01099,-0.0109923
946,0.998848,0.0011521,3.01098,-0.0109807
947,0.998849,0.00115088,3.01097,-0.0109691
948,0.99885,0.00114967,3.01096,-0.0109575
949,0.998852,0.00114845,3.01095,-0.010946
950,0.998853,0.00114725,3.01093,-0.0109345
951,0.998854,0.00114604,3.01092,-0.010923
952,0.998855,0.00114484,3.01091,-0.0109115
953,0.998856,0.00114363,3.0109,-0.0109
954,0.998858,0.00114244,3.01089,-0.0108886
955,0.998859,0.00114124,3.01088,-0.0108772
956,0.99886,0.00114005,3.01087,-0.0108658
957,0.998861,0.00113885,3.01085,-0.0108545
958,0.998862,0.00113767,3.01084,-0.0108431
959,0.998864,0.00113648,3.01083,-0.0108318
960,0.998865,0.0011353,3.01082,-0.0108206
961,0.998866,0.00113411,3.01081,-0.0108093
962,0.998867,0.00113294,3.0108,-0.0107981
963,0.998868,0.00113176,3.01079,-0.0107868
964,0.998869,0.00113058,3.01078,-0.0107757
965,0.998871,0.00112941,3.01076,-0.0107645
966,0.998872,0.00112824,3.01075,-0.0107533
967,0.998873,0.00112708,3.01074,-0.0107422
968,0.998874,0.00112591,3.01073,-0.0107311
969,0.998875,0.00112475,3.01072,-0.0107201
970,0.998876,0.00112359,3.01071,-0.010709
971,0.998878,0.00112243,3.0107,-0.010698
972,0.998879,0.00112128,3.01069,-0.010687
973,0.99888,0.00112013,3.01068,-0.010676
974,0.998881,0.00111898,3.01067,-0.010665
975,0.998882,0.00111783,3.01065,-0.0106541
976,0.998883,0.00111668,3.01064,-0.0106432
977,0.998884,0.00111554,3.01063,-0.0106323
978,0.998886,0.0011144,3.01062,-0.0106214
979,0.998887,0.00111326,3.01061,-0.0106106
980,0.998888,0.00111213,3.0106,-0.0105997
981,0.998889,0.00111099,3.01059,-0.0105889
982,0.99889,0.00110986,3.01058,-0.0105781
983,0.998891,0.00110873,3.01057,-0.0105674
984,0.998892,0.00110761,3.01056,-0.0105566
985,0.998894,0.00110648,3.01055,-0.0105459
986,0.998895,0.00110536,3.01054,-0.0105352
987,0.998896,0.00110424,3.01052,-0.0105246
988,0.998897,0.00110312,3.01051,-0.0105139
989,0.998898,0.00110201,3.0105,-0.0105033
990,0.998899,0.00110089,3.01049,-0.0104927
991,0.9989,0.00109978,3.01048,-0.0104821
992,0.998901,0.00109867,3.01047,-0.0104715
993,0.998902,0.00109757,3.01046,-0.010461
994,0.998904,0.00109646,3.01045,-0.0104504
995,0.998905,0.00109536,3.01044,-0.0104399
996,0.998906,0.00109426,3.01043,-0.0104295
997,0.998907,0.00109316,3.01042,-0.010419
998,0.998908,0.00109207,3.01041,-0.0104086
999,0.998909,0.00109097,3.0104,-0.0103981
